23297,旭川開発建設部
23317,留萌開発建設部
23337,網走開発建設部
20757,札幌開発建設部
20787,小樽開発建設部
20797,函館開発建設部
20817,室蘭開発建設部
23377,釧路開発建設部
23357,帯広開発建設部
21013,青森河川国道事務所
21015,高瀬川河川事務所
21023,岩手河川国道事務所
21034,北上川下流河川事務所
21033,仙台河川国道事務所
21063,福島河川国道事務所
21045,能代河川国道事務所
21044,湯沢河川国道事務所
21043,秋田河川国道事務所
21053,山形河川国道事務所
21055,酒田河川国道事務所
21054,新庄河川事務所
21271,常陸河川国道事務所
21248,関東地方整備局
21270,霞ヶ浦河川事務所
21280,荒川上流河川事務所
21261,下館河川事務所
21260,渡良瀬川河川事務所
21293,高崎河川国道事務所
21279,江戸川河川事務所
21320,京浜河川事務所
21335,甲府河川国道事務所
21528,羽越河川国道事務所
21530,阿賀野川河川事務所
21527,阿賀川河川事務所
21531,信濃川下流河川事務所
21535,信濃川河川事務所
21545,千曲川河川事務所
21539,高田河川国道事務所
21556,黒部河川事務所
21555,富山河川国道事務所
21565,金沢河川国道事務所
21826,沼津河川国道事務所
21827,静岡河川事務所
21824,浜松河川国道事務所
21831,天竜川上流河川事務所
21781,豊橋河川事務所
21782,庄内川河川事務所
21818,木曽川下流河川事務所
21811,木曽川上流河川事務所
21801,三重河川国道事務所
22051,福知山河川国道事務所
22067,淀川ダム統合管理事務所
22070,猪名川河川事務所
22039,琵琶湖河川事務所
22069,大和川河川事務所
22064,豊岡河川国道事務所
22061,姫路河川国道事務所
22087,和歌山河川国道事務所
22088,紀南河川国道事務所
22097,福井河川国道事務所
22297,鳥取河川国道事務所
22298,倉吉河川国道事務所
22293,日野川河川事務所
22303,出雲河川事務所
22328,三次河川国道事務所
22308,浜田河川国道事務所
22313,岡山河川事務所
22327,福山河川国道事務所
22333,太田川河川事務所
22347,山口河川国道事務所
22549,徳島河川国道事務所
22551,那賀川河川事務所
22539,香川河川国道事務所
22569,松山河川国道事務所
22570,大洲河川国道事務所
22559,高知河川国道事務所
22560,中村河川国道事務所
22806,遠賀川河川事務所
22836,山国川河川事務所
22816,筑後川河川事務所
22865,武雄河川事務所
22868,長崎河川国道事務所
22826,菊池川河川事務所
22825,熊本河川国道事務所
22829,八代河川国道事務所
22835,大分河川国道事務所
22837,佐伯河川国道事務所
22846,延岡河川国道事務所
22845,宮崎河川国道事務所
22856,川内川河川事務所
22858,大隅河川国道事務所
258,北海道空知総合振興局
530,青森県河川砂防課
1025,宮城県
1290,秋田県建設部河川砂防課
1650,山形県村山総合支庁河川砂防課
1655,山形県村山総合支庁北村山河川砂防課
1660,山形県最上総合支庁河川砂防課
1665,山形県置賜総合支庁河川砂防課
1670,山形県庄内総合支庁河川砂防課
1950,福島県相双建設事務所
1960,福島県いわき建設事務所
2049,茨城県
2305,栃木県
2575,群馬県県土整備部
2817,埼玉県
3073,千葉県
3329,東京都
3585,神奈川県
3846,新潟県新潟地域振興局地域整備部
4620,福井県土木部砂防防災課
4874,山梨県中北建設事務所
4881,山梨県中北建設事務所
5121,長野県建設部河川課
5378,岐阜土木事務所
5381,美濃土木事務所
5386,下呂土木事務所
5388,古川土木事務所
5638,袋井土木事務所
5640,浜松土木事務所
5643,島田土木事務所
5890,愛知県海部建設事務所
5895,愛知県尾張建設事務所
5898,愛知県知立建設事務所
6401,滋賀県
6658,京都府京都土木事務所
6665,京都府南丹土木事務所
6913,大阪府
7186,兵庫県阪神南県民センター
7187,兵庫県中播磨県民センター
7188,兵庫県西播磨県民局
7685,和歌山県有田振興局
7686,和歌山県日高振興局
7687,和歌山県西牟婁振興局
7688,和歌山県東牟婁振興局串本建設部
7689,和歌山県東牟婁振興局新宮建設部
7937,鳥取県
8210,島根県土木部河川課
8470,岡山県備前県民局
8740,広島県東部建設事務所
8741,広島県西部建設事務所
8962,岩国土木建築事務所
8966,周南土木建築事務所
8967,防府土木建築事務所
8970,宇部土木建築事務所
9217,徳島県
9492,香川県高松土木事務所
10241,福岡県
10497,佐賀県
11265,大分県土木建築部河川課
11522,宮崎県宮崎土木事務所
11523,宮崎県日南土木事務所
11777,鹿児島県
